,Country,Year,Divisia Decomposition Analysis - Energy Intensity component Index,Energy intensity of transportation sector (MJ/2011 USD PPP),Energy savings of primary energy (TJ),Transmission and distribution losses (%)
0,Qatar,2002,0.94974218223709295,34.272127433629997,18390.781770000001,22.180400591477301
1,Qatar,2003,0.93955052352610902,37.338846724230002,24861.159350000002,23.2622756967375
2,Qatar,2004,0.96843162957630202,3.4637114187931002,13365.94291,30.467815958964898
3,Niger,2003,1.33095545603128,4.7452988125189997,-24721.0,
4,Niger,2002,1.3479149906950101,4.2114939486919001,-25011.0,
5,Niger,2004,1.0281598384066599,5.9252859612273996,-1067.0,
